{"cameraMode":{"drawMode":0,"name":"Shaded","section":"Shading Mode"},"sceneLighting":true,"audioPlay":false,"sceneViewState":{"m_AlwaysRefresh":false,"showFog":true,"showSkybox":true,"showFlares":true,"showImageEffects":true,"showParticleSystems":true,"showVisualEffectGraphs":true,"m_FxEnabled":true},"in2DMode":false,"pivot":{"x":-4.173173904418945,"y":3.1812047958374025,"z":1.3664124011993409},"rotation":{"x":0.1731036752462387,"y":0.6596742272377014,"z":-0.15943647921085359,"w":0.7137681245803833},"size":1.2247449159622193,"orthographic":false}