{"cameraMode":{"drawMode":0,"name":"Shaded","section":"Shading Mode"},"sceneLighting":true,"audioPlay":false,"sceneViewState":{"m_AlwaysRefresh":false,"showFog":true,"showSkybox":true,"showFlares":true,"showImageEffects":true,"showParticleSystems":true,"showVisualEffectGraphs":true,"m_FxEnabled":true},"in2DMode":false,"pivot":{"x":298.4790954589844,"y":-201.90211486816407,"z":422.6564636230469},"rotation":{"x":-0.17793779075145722,"y":-0.29761451482772829,"z":0.05655688792467117,"w":-0.9362646341323853},"size":280.98895263671877,"orthographic":false}